Capability,Reader,Author,Developer,Tester,Release mgr,Security,AO,Catalog steward,Project admin,Client admin,Auditor
Browse reqs / catalogs / releases,R,R,R,R,R,R,R,R,R,R,R
Edit draft requirement versions,—,W,—,—,—,—,—,—,W,—,—
Mint successor .N / obsolete / withdraw,—,W,—,—,—,—,—,—,W,—,—
Edit verification notes / evidence,—,R,R,W,—,R,—,—,R,—,—
Create / update mapped work items,—,R,W,R,R,—,—,—,W,—,—
Add / change trace edges (non-security),—,W,R,—,—,—,—,—,W,—,—
ConformsTo / security metadata / migrate,—,R,—,—,—,W,A,W,R,—,—
Publish catalog imprint / steward entries,—,—,—,—,—,R,—,W,—,—,—
Contract in_scope link / unlink,—,W,—,—,R,R,—,—,W,—,—
Plan release / add delivers,—,R,—,—,W,R,—,—,W,—,—
Ship release (freeze snapshot),—,—,—,—,W,R,A,—,R,—,—
Cyber review / accept risk (ATO-style),—,—,—,—,—,W,A,R,—,—,R
Open / close SDLC change-set session,—,W,W,W,W,W,—,W,W,W,—
Revert / apply change set (within rights),—,W,W,W,W,W,—,W,W,W,—
Project grants (members / roles),—,—,—,—,—,—,—,—,W,W,—
Client grants / create projects,—,—,—,—,—,—,—,—,—,W,—
Read full audit / change-set history,—,R,R,R,R,R,R,R,R,R,R
